stars,comment
4.0 out of 5 stars,"









  
  
    
  I absolutely loved the concept of the Nintendo Switch and decided to get one due to its popular demand. It‚Äôs pretty awesome and best to get it at the normal price of $299.99 because it really isn‚Äôt worth $300.00+ and it really refreshes the gaming atmosphere. However, handheld mode is so enormous that it‚Äôs a little uncomfortable. I was on the fence about buying this or the Nintendo Switch Lite, because I rarely have anyone else around to play some really cool multiplayer games like Mario Kart 8 Deluxe or Super Smash Bros. Plus, the Switch Lite doesn‚Äôt come with controller/joy con problems and is smaller, more comfortable, and accessible. One other thing that stands out on the Lite is it has a smaller screen but games look a bit sharper on it. That said, some of the free games are pretty addictive! I think it was totally worth the $300.00, but it does cost $20 to buy Nintendo Online to play any Nintendo game‚Äôs online player. I also wouldn‚Äôt recommend buying a Pro controller because the joy con controller is pretty comfortable, so far. If you‚Äôre someone who loves hanging around friends and family, get the regular Switch. If you‚Äôre a solo and lone wolf type of badass, get the Switch Lite!

  
"
5.0 out of 5 stars,"









  
  
    
  Love my new Nintendo Switch Animal Crossing version. I have been waiting for over a year for this. I originally ordered the regular version but it never came so I went to reorder and found that this was finally available. So glad I finally got it. After a year I would have taken anything...my luck - this one was available. So easy to set up. So easy to use. So very happy with the Amazon customer service and the Nintendo Switch. Don‚Äôt buy from scalpers who buy cheap and jack up the price. Just wait patiently. Worth the wait.

  
"
5.0 out of 5 stars,"









  
  
    
  Spent a lot of time looking to find a switch that wasn‚Äôt overpriced, and after doing lots of refreshing and looking at stock informer sites, I was finally able to purchase one. Is in perfect condition, brand new, and delivered on time! Definitely worth the wait of getting it at standard pricing, now to spend countless hours playing ACNH!

  
"
5.0 out of 5 stars,"









  
  
    
  Wonderful product. There are many minor hiccups that I already knew of before purchasing this product e.g. joycon drift, shakey joycons, hot while docked, online connectivity, dock scratch, etc. However, most of these risks i knew well ahead of time and so I was not bothered by them as most already have a diy fix for them as discovered by the Switch community. Great product, do some research before purchasing one, Nintendo methodology in developing their products can be a little strange at times but the good outweighs the bad with this product.

  
"
5.0 out of 5 stars,"









  
  
    
  This is the most beautiful thing I‚Äôve ever held in my hands as a die hard AC fan.

  
"
1.0 out of 5 stars,"









  
  
    
  After owning the original Wii for years and enjoying it with 0 problems I decided on getting the Switch, even though I mainly play my games on PC now a days, I thought it would be a great console for my wife and I to come together every now and then to play. I was lucky to score one when Nintendo finally got it back in stock after months of no stock because of the pandemic. The first day I got it the right (red) joy con kept disconnecting every 5-10 minutes. I was literally 5 feet away from the console with line of sight. After going through the troubleshooting steps of disconnecting joy cons and updating the console OS and controller firmware, it still had the same problem. The left (blue) joy con worked flawlessly. I searched online and found hundreds if not thousands of posts about people experiencing disconnecting joy cons and various work-arounds. Some even claimed that by having your foot propped up in front of the line of sight would cause all sorts of controller issues including lag and disconnects. So I did my long hours of testing, purchasing new official joy cons, and 3rd parties and am discouraged by my findings.Ultimately I found that the built-in bluetooth radio in the switch is just not powerful enough. Considering the amount of posts regarding controller pairing and disconnects issues, I would say the problem has been known for a long time. And instead of Nintendo recalling or replacing their poorly designed consoles they blame the environment or user error. They state things like ""make sure your console is away from wireless devices of any kind"". Seriously? Everyone has 20 wireless devices in their house from cell phones, routers, modems, smart TV's, wireless speakers, smart hubs, Alexa devices, the list goes on. Nintendo even states to keep the Switch away from fish tanks. Really? Soon they'll be saying to keep the switch away from air and light.I contacted Nintendo within the first week I got the Switch after getting fed up with dying because of constant controller lag and disconnects. Tier 1 support is a joke. They just want you to send it in which customer pays for shipping, and I may get my console back in 30 days. So after back and forth discussion with Tier 1 support I finally found that there is an escalation line which they forwarded me to which seems to be a line of seniors or assistant managers. Again they wanted me to send in the console. I called BS and explained that the console was only a week old. We finally agreed that I would temporarily pay for a replacement right joy con, and only after they received my defective right joy con that I would get reimbursed. New right joy con came, had the same problems albeit it was less noticeable, less disconnects. I sent my old one to them and it took them 30 days to refund my money which was $50 because they had to inspect the controller for any damage or mods. Seriously? I eventually got my money back but what a pain.Fast forward about a month and lag and disconnects are still happening. I purchased a brand new official joy con from Amazon and even though it hasn't outright disconnected it has shown lag issues again, sitting 5 feet away from the console and with direct line of sight. I even started unplugging wireless devices like my wireless speaker, just to see if anything would increase the controllers range and reliability and nothing helped.At the end of the day the Nintendo Switch is riddled with controller issues and I am not even getting into the whole ""drifting"" problem that people are suing Nintendo over. Now a days it seems that companies just release untested unreliable electronics, even the all and might Nintendo company, and don't take responsibility for it. A player needs reliable controllers to play a consoles content AKA joy con controllers for the Nintendo Switch, like a player needs a reliable mouse and keyboard for playing PC games. And for the price tag of an official Nintendo Switch joy con set at around $70 I expect them to be flawless, and their from from it. And this console isn't even new. It's been out for several years and Nintendo has had plenty of time to fix their issues, and they have chosen to blame us, the consumers instead of taking ownership of the problem.I plan to exchange the Switch for another using the Amazon exchange policy. Luckily, my purchase qualified for the holiday return policy so I have until February 1st to return it. If the new one acts up the same way I will be returning it and will be calling my credit card company to reimburse the 4 games I purchased from the Switch store since the Nintendo store has a no refund policy, which is a complete joke and such a policy should be discouraged.

  
"
3.0 out of 5 stars,"









  
  
    
  On paper this is such a slick device, and combined with great Nintendo titles this was something I was excited for. BUT this system just isn't there yet. Right now I'm dealing with input lag that goes beyond controller or title specific issues. Right from the get go, setting it up (while in portable mode) felt odd. The touch screen and the attached joy-cons felt a bit slow. The input lag was the same speed as my PS4 with my TVs game mode OFF. Not a huge deal for many who will play most casual games, but annoying enough for me that titles like Cuphead and Enter the Gungeon are hindered. I do wonder if the newer portable only version doesn't have these issues, but I'm mainly interested in this as a home console.And it's online component? They still haven't caught up with Xbox Live from the 360 generation. Not a huge problem with Discord around, but still.Lot's of pluses for this system for sure, but this is mainly a message to people to try out the system first and decide for yourself if the input lag is bad enough to ruin your experience. A lot of people are very satisfied and don't even notice. I can see this not being a problem in games like Pokemon, or Mario + Rabbids Kingdom Battle. I've been playing ""The Touryst"", charming, relaxing, and a nice change of pace from what I usually play.

  
"
5.0 out of 5 stars,"









  
  
    
  The switch is already of my favorite consoles I‚Äôve ever owned. As an adult-I‚Äôve been surprised by how much I play it in handheld mode. It‚Äôs nice to be able to sneak in some gaming time here and there at work when there is some downtime. And I actually find myself playing it in handheld mode pretty often at home when I‚Äôm watching football on the weekends. I‚Äôm glad I waited until this model with the improved battery life came out. Sometimes, I don‚Äôt have to put it on the dock to charge for 5 or 6 days, assuming I‚Äôm playing 30 minutes here and there. I highly recommend this system.

  
"
1.0 out of 5 stars,"









  
  
    
  Almost everything about this console is perfect but the joy cons are flawed and Nintendo continues to ship the defective line as standard issue in switch and switch lite

  
"
3.0 out of 5 stars,"









  
  
    
  The game system we received is the newer one with better battery life. However, we've been disappointed with the joys cons. Both right joy cons in the included one and another set we bought would disconnect. If you read online there are all kinds of issues with the joy cons ever since they made the system. There are fewer problems since they updated them, however, the joy cons we received with this system are dated 2017, before they updated them. So, new game system, old joy cons. Seriously disappointed in this. Nintendo is in the process of setting up a warranty repair, but I shouldn't have to do this for a brand new system. The individual set we bought is going back and we purchased new ones in a local store that should theoretically be newer. To initiate the repair Nintendo asked about a hundred questions and 2 hours later the repair is accepted. Not a good setup, in my opinion.

  
"
5.0 out of 5 stars,"









  
  
    
  I‚Äôm not much of a video game person, but my boyfriend convinced me to buy the switch. I love it! I see why all the hype haha. Very easy to bring around too. I like how I get to play by myself, play with a group when I have guests over, or play overcook with my boo to get some laughters in.

  
"
5.0 out of 5 stars,"









  
  
    
  Im a pc gamer but i wanted a portable console to play my rpgs and single player games when im in bed.The convenience of the switch has helped me relax after many stressful sweaty fps, or competitive games i play.I havent owned a nintendo product since the launch of the ds light and im pretty happy with this product and the colorscheme.Im 26 and will never be to old to enjoy my console.

  
"
4.0 out of 5 stars,"









  
  
    
  My switch came in a lot earlier than I was expecting it to so I am over the moon with that! Not to mention that it came in perfect condition (I bought it in New condition but was feeling a little suspicious about it, not going to lie) Everything is working wonderfully right now so I really can't complain at all about the product itself. I definitely paid WAY too much for it (over $500 with tax) but if you're looking for a switch now in this quarantine time, you'll know there's a serious shortage of available consoles. All in all, definitely recommend buying if you're as impatient to get it as I was.

  
"
5.0 out of 5 stars,"









  
  
    
  Product came the first day of the projected arrival timeframe which was an exciting surprise! Packaging was USPS in a sturdy USPS box and taped very well with ""do not break seal"" type packaging tape which I really appreciated. Product came as advertised in Nintendo box, brand new, all main gaming system components and accessories still in plastic wrap and scratch resistant wrap. I'm very very happy with this purchase!! It was purchased as a gift to a family member as a way to help with the stress of all that's going on and I couldn't be happier with my order! Thank you!

  
"
5.0 out of 5 stars,"









  
  
    
  I bought this just to play Animal Crossing: New Horizons, and it didn't disappoint in the least! It's incredibly fun!One cool feature is that if you set up Parental Control using the free app, it will tell you how long you've played each day. Since I'm neither a parent nor do I need to be controlled, I disable restrictions and play-time limit so it doesn't actually interfere when I'm playing, but it is a bit sobering to see that yesterday I played for 6 hrs and 40 min.Also, if you set the play-time limit to 0 min everyday, the console will prompt you to disable Parental Control via a PIN. This could come in very handy if you have a sibling or roommate who likes to steal your Switch.I would also recommend getting a screen cover, either plastic or glass. I have a glass one that adheres like a second screen and haven't had any trouble yet, but then again I've only had it for 8 days and treat it very carefully.Overall, a great product, and worth every penny!

  
"
1.0 out of 5 stars,"









  
  
    
  I am very upset with this situation. I have purchased special editions of any number of consoles. If you buy the special edition of Destiny on PlayStation, you have the game. If you buy the special edition of Halo on Xbox, you have the game. If you buy the Wii Special Edition of Super Mario Bros 25th Anniversary, rest assured, you have the game. The first thing I saw when I opened the box was the message from Nintendo, ""GAME NOT INCLUDED"". But you do the publication and place it in a VERY SMALL font size and in a recondite place. VERY BAD AMAZON, VERY BAD.

  
"
5.0 out of 5 stars,"









  
  
    
  Buying a $300 item on amazon is terrifying! but this was our Christmas gift for my wife's parent and they loved it! it saved us time at the store and it was the perfect gift for them.- Package arrived on time- Box was well padded with those air bubblies- No fingerprints, scratches or damages anywhere on the packaging or the console- Everything was in place and we are happy customers

  
"
5.0 out of 5 stars,"









  
  
    
  This console is beautiful! I'm not a huge Animal Crossing fan but the new game did catch my eye even more when this Switch was announced. The pastel colors really work on the Switch, along with the design on the back. What really tempted me to buy this specific one was that it is the second version of the Switch. Which of course includes better battery life. I'm sure you've heard this all before, so I won't go any longer. It's a very pretty console and if you have your chance to get your hands on it for the normal market price. I'd suggest that you go for it!

  
"
5.0 out of 5 stars,"









  
  
    
  I got this for my 11-year-old daughter for Christmas and she LOVES it. Turns out my 5-year-old and husband enjoy playing on it as well! It's not a nice size screen and it's really cool that you can play it on the go or hook it up and play on the TV. You do need to make a Nintendo account, though, if you don't already have one in order to play on it, but overall set up was easy and didn't take too long. While the system was expensive it was definitely worth the investment! I do suggest getting a case to keep it in to keep it safe when not in use, though.

  
"
4.0 out of 5 stars,"









  
  
    
  This is my second Nintendo switch for my 2 kids. They get to play together at the same time either on TV or on the switch itself in seperate room. One thing that really makes me upset is the digital/download games. You can't download a game in one console (primary) and download the same game in the other console (different profile/account). Nintendo might have found a loophole to prevent losing more money by forcing people to buy second game for second console. Every game must be purchased two times for both Switches if they want to play together. Overall, Nintendo Switch console is worth it.

  
"
5.0 out of 5 stars,"









  
  
    
  Great product. Ordered it in the morning, 5 hours later was at my door. We live in beautiful times.Definitely recommend getting a Switch with colored joycons like this one, the black ones are dull and these Red/Blue ones retail for up to $80. Comes with everything you need except a carry case (which I would recommend instead of putting in your backpack lose) as well as picking up a good sized Micro SD card. I got like a 200gb one for $30-40 so I will never lose one of the tiny came cartridges.It's light weight and feels a little fragile, but not cheap feeling. Just wouldn't recommend dropping it like EVER. Anyway, great for all ages like 8-99yo. Bright screen, kick stand is a pain to open at first, but I've used that part like 2 times in 3 months.All n' all, would recommend!

  
"
3.0 out of 5 stars,"









  
  
    
  The product was in good condition. However, I purchased what appeared to be a new product. It was wasnt listed anywhere that I would be getting a used item. When my product arrived, I quickly realized that I was sold a used item because I didn‚Äôt have a pin to access any controls. The name of the previous family was listed on the product. I actually would t have minded a used Switch however I need to be able access the product. It‚Äôs very disappointing that I now have to wait over a month for another item.

  
"
5.0 out of 5 stars,"









  
  
    
  I had never played an Animal Crossing game before, but after seeing all of the trailers, I knew I had to have it.  I used NowInStock's website to get the red and blue for MSRP about 2 months ago, and have been having a blast with it ever since.  My boyfriend liked it so much he got one from GameStop about 3 weeks ago.  We could not be happier!

  
"
5.0 out of 5 stars,"









  
  
    
  I bought this for my Grandkids for Xmas, so happy I got today!! Thanks Amazon as always.  This is what they wanted.  I will update after Christmas.  I love gaming stations.

  
"
5.0 out of 5 stars,"









  
  
    
  Since the COVID-19 pandemic, Nintendo Switch has been in incredibly high demand. To have been able to purchase one successfully through a reliable seller (Techool (Seller Fulfilled Ships Fast)), is a blessing. It is pricer now but well worth it, especially while playing and staying at home. It arrived new and in perfect condition. Very happy and pleased with my purchase. Highly recommend!

  
"
3.0 out of 5 stars,"









  
  
    
  The product seems pretty good so far. Smaller than I thought as I had never actually seen the device, but the screen is clear, and the first game we bought (Mario karts) had fantastic clear graphics.Controllers are very small and awkward. We might get the more traditional controllers to replace the funny little joy cons.This offer came with a $30 credit that was not applied at delivery. Not sure why they couldn‚Äôt just discount it at purchase. So inevitably it went wrong and I needed to complain - hence dropping a few stars. Now I have a promotional credit that can be applied to eligible items but doesn‚Äôt appear on my account. So basically, don‚Äôt get too excited about the promo offer as it is super painful to get the money.

  
"
1.0 out of 5 stars,"









  
  
    
  The only way Nintendo will hear is is through reviews. Limit purchases 1-2 per household. These people buying up special editions and reselling for double the price HAS to stop. DO NOT BUY FROM THEM. Let them sit on the consoles for as long as they possibly can. Nintendo make thousands more please - I beg you. Makes the people lose on their ‚Äúinvestment‚Äù for once.

  
"
5.0 out of 5 stars,"









  
  
    
  Got this right before Christmas so our short family vacation during the holiday.  I use it at home and away.  We've got two extra controllers so the whole family can play together games like Mario Party, Mario Kart and etc.  I own several Nintendo game consoles like GameCube and Wii.  I think Nintendo‚Äôs switch is the most incredible system they‚Äôve ever designed.

  
"
5.0 out of 5 stars,"









  
  
    
  Delivery was faster than expected (originally it was supposed to take over a month, it instead took ten days). However, I've known someone to recently purchase a Switch and it came 36 hours later and I know someone else that it took over 10 days and decided to just do curbside pickup with Best Buy instead.Otherwise, Switch was perfect.

  
"
4.0 out of 5 stars,"









  
  
    
  -1 Star because I hate price gougers, and I normally wouldn't ever support them for something like this, but I was behind the bus on the news about the release on this switch edition and decided if I was going to spend more on it I'd rather do it while it's still reasonable seeing as I was already spotting $700 ones which is outrageous. On another note the item came in pristine condition and as expected is very cute.

  
"
5.0 out of 5 stars,"









  
  
    
  Love the limited edition switch! Colors are vibrant and so frigging adorable!

  
"
1.0 out of 5 stars,"









  
  
    
  Beware American shoppers. This product came only with a European power cord so my family in the US was unable to use it on Christmas Day. There was no mention of this in the description but needless to say it caused huge disappointment. Amazon and the vendor should be ashamed of misleading customers

  
"
5.0 out of 5 stars,"









  
  
    
  The Switch is great and it can be enjoyed by everyone in the family. The only thing I did not like about it is the built-in stand it has on the back. It's very flimsy, keeps coming off and when in use it tends to fall off very easily, so you're probably going to have to look for an additional stand for it to play on some occasions.

  
"
3.0 out of 5 stars,"









  
  
    
  We bought this for our son's birthday and we haven't had it for even a year yet and it seems there is a hardware issue. We tried to use three different microSD cards (even the ones manufactured by Nintendo) to add more memory, but none of them worked. Formatting wasn't even an option. We kept getting error messages. I scoured the internet and used every troubleshooting option to no avail. We have only been able to use this Switch very minimally and is now being repaired by Nintendo since it is still under warranty. Also, because of a back up in repairs (due to Covid-19) we won't have it back for a couple months. Wish I could give it a raving review.

  
"
5.0 out of 5 stars,"









  
  
    
  Please ONLY buy from Seller Amazon or any other seller that sell at MSRP price and not over outrageous over +$300 price.  You are getting the same console nothing extra.  Overall this is a very good switch system and i love every min of playing it wherever I go.  This new model can also run extra hours compare with the older model.

  
"
3.0 out of 5 stars,"









  
  
    
  The switch is the same price as PS4 and it is hard to get. However, in my view it is not as powerful as PS4. Thought it has its own advantage such as small, easy to travel, etc. But, due to the current situation, these are not the points I am looking for. Most of the time, I just play games in my house so I would epect a console more powerful to match the picture quality of my TV. But switch can only play some small games not 3A games.

  
"
5.0 out of 5 stars,"









  
  
    
  Nintendo exceeded my expectations with this console, the portability, the quality of the games, the graphics and everything else about it is so great that you wouldn't be able to find any of these things on any other console, I've only played a few hours on Nintendo switch's exclusive games like Mario Odyssey or breath of the wild but even by playing 2 hours with these games you can see how much effort and care went into these games, especially with Mario odyssey.I can't recommend this console enough.

  
"
5.0 out of 5 stars,"









  
  
    
  This system is so much fun to use. Battery life is great- the first night I had it I played for almost 6 hours with no issue. It switches seamlessly from handheld to docked. Good price for what you get.

  
"
5.0 out of 5 stars,"









  
  
    
  Happy with the product.  This is the revision with the improved battery life, which is a noticeable improvement.  It also has slightly higher brightness and truer color compared to the past model due to a display upgrade.  The only flaw to be aware of is the dock can scratch the screen, which makes a screen protector a must-have.

  
"
2.0 out of 5 stars,"









  
    
  Le equipo funciona muy bien y sin fallas en mi caso particular el equipo lleg√≥ en una caja de Amazon  todo en una bolsa pl√°stica con otro pedido que vino tinto con eso sin la caja original y sin manual la caja de Amazon era m√°s peque√±a que la caja del Nintendo no entiendo c√≥mo sele ocurri√≥ hacer eso al que realiz√≥ el empaque hice el reclam√≥ y si Amazon se ofreci√≥ a qu√© realizar√° la devoluci√≥n pero era navidad y era un regalo para mi sobrino y tuve que dejarlo as√≠

  
  
"
5.0 out of 5 stars,"









  
  
    
  Got it once it restocked and payed $299 +tax. Had it for a few days now and LOVE it. The colors are great and I'm definitely glad I waited for a restock before setting on the red and blue console. The colors are vibrant yet very pastel. Happy with it so far and setup was easy. It did also come slightly charged so it was quick to turn on and start.

  
"
5.0 out of 5 stars,"









  
  
    
  Takes me back to my nitendo days! I just wish it wasn't so expensive!!! Games are $50 each,  extra joycons are $60..... I'm hoping the durability makes up for the huge price tag!

  
"
3.0 out of 5 stars,"









  
  
    
  After a few months, I'm noticing joycon drift already. I use it mostly in handheld mode. Battery is superior to the original, but the joycons still suck.

  
"
1.0 out of 5 stars,"









  
  
    
  Never connected with my television, has crashed and only shows error messages. basically a lemon.

  
"
5.0 out of 5 stars,"









  
  
    
  This was a gift for my grandson, absolutely the only thing he wanted. He was and is delighted with his Nintendo Switch. He can play alone or with others and there are so many games to choose from.

  
"
5.0 out of 5 stars,"









  
  
    
  I‚Äôm loving the design and everything else about this switch. This is my first time getting a switch so I can‚Äôt wait to experience a switch while I play animal crossing on Friday with it. I was lucky enough to grab one off amazon on release day before they sold out. If you can somehow get one without paying more than actual retail price then go for this switch and enjoy this beauty as I have.

  
"
1.0 out of 5 stars,"









  
  
    
  Not a v2 like the picture or title. it is a v1 switch. not bad price but still alittle more then what I would pay for a v1

  
"
5.0 out of 5 stars,"









  
  
    
  My 10y.o daughter very likes it, she said it's like a TV game, but small and can be carried outside. Delivered on time. Thanks.

  
"
3.0 out of 5 stars,"









  
  
    
  Basterds won't let me use my credit card on the eShop even though it's legit and works just fine literally EVERYWHERE else... but aside from that, it's great. Just annoyed with Nintendo customer service... as well as my card company- Capital One

  
"
4.0 out of 5 stars,"









  
  
    
  Pretty cool little machine, good graphics and unique game cartridge. Really enjoy playing g either handheld or on the tv. Pretty good games. Just missing a few of my favorites but does offer it's own unique Nintendo games

  
"
5.0 out of 5 stars,"









  
  
    
  I absolutely love this switch! I‚Äôve been a huge fan of Animal Crossing since the days on GameCube. This is an absolute must for any real Animal Crossing fan. Completely blown away by how great the console looked when I opened it. 10/10 will always recommend!

  
"
5.0 out of 5 stars,"









  
  
    
  OMG!!! Finally I see this product is in stock at $299 price. I have been checking it for a while and it last time showed it would be sent by the end of December. Fortunately my delivery time keeps updating and it arrived ahead of scheduleÔΩûAll funtions work well and the game is really interesting. Very good experienceÔºÅ

  
"
4.0 out of 5 stars,"









  
  
    
  Got this as a gift for my son. The consel itself is good my son loves it. However the nintendo switch shop membership is pointless and the games are crazy expensive for what they are. I'm not sure I would buy it again. 4bstars cause to my 9yr old it's amazing

  
"
4.0 out of 5 stars,"









  
  
    
  this is the console version of driving a lamborghini, honestly gets so much attention due to its exclusivity. really cute pastel colors are very different to anything else we have seen in a switch console and it very pleasing to the eye. I wish it however was more accessible coz at this point i just regret opening this and using it since its so rare. Please restock in large amounts and I would truly give it 5 stars.

  
"
5.0 out of 5 stars,"









  
  
    
  We were supposed to get the switch  in October, but we didn't expect them to arrive so soon. I can buy it on 299.99, which makes me very happy. Several friends around me bought it around 370. Both of us are Nintendo fans and that keeps us from stopping to play games.

  
"
4.0 out of 5 stars,"









  
  
    
  I had been trying to find a switch ever since quarantine hit, but they were sold out everywhere. This one was about $400 after taxes and shipping, so it was overpriced $100 but it works great and was a lot easier than finding one on offer up. On top of that my delivery was super quick. I would have grave them 5 stars if it wasn't for the price gouge, regardless was worth it.

  
"
2.0 out of 5 stars,"









  
  
    
  I bought this unit to exercise with the help of my big screen TV; unfortunately it is not as easy to install as seen in the description.  I read the instruction but still could not install the station to my big screen TV; finally I am thinking to return it to the Seller. This assembly is made of thin plastic so I have to mount it next to the TV; I am afraid that it might break if accidental drop for some reasons. Its weight is quite light compared to other brands; game cartridges are not included and they cost about $50 each.  I am not happy with its performances so far and would not recommend to others.

  
"
5.0 out of 5 stars,"









  
  
    
  I love my switch. I was surprised about some of the games offered on the Nintendo store, I never realized the graphics were capable of some of those games (Skyrim, The Witcher 3..etc) battery life is great and it fits comfortably in my hand.

  
"
5.0 out of 5 stars,"









  
  
    
  This was a gift for my brother. Was happily surprised when I bought it on back order and it arrived a month before expected, in time for the holidays. So that was pretty awesome. Also it keeps him quiet (he's 20). Same price as everyone else.

  
"
2.0 out of 5 stars,"









  
  
    
  Pretty disappointed with the fact that I could find game sold separately anywhere in the sale s ad, so I assumed due to the huge price tag and the fact that animal crossing is all over the box that it came with it. Very unhappy! I feel purposely mislead.

  
"
5.0 out of 5 stars,"









  
  
    
  Outstanding special edition nintendo switch animal crossing. If you are a AC fan it is a must have! If you can get 2 and save one for later to sell as these are hard to find at this price!

  
"
5.0 out of 5 stars,"









  
  
    
  Love this product, came with everything I needed and worth every penny for it, I play all the time. It's in great condition and they did a great job on packaging so that it would not get damaged.

  
"
5.0 out of 5 stars,"









  
  
    
  I was so excited to have gotten the Mario edition. I was able to purchase at its usual price. The case exterior sporting a pattern of recognizable icons.

  
"
5.0 out of 5 stars,"









  
  
    
  Got it for my son .... he loves it of course he turned 11 and loves video games like all boys ... enjoys the portable switch as he can take it with him any where he goes .specially .. in the car . It‚Äôs a lovely gift

  
"
5.0 out of 5 stars,"








  
  Your browser does not support HTML5 video.










  
  
    
  ¬†The Nintendo Switch is great at well, switching, no matter if it's on the bus or in the living room, the Nintendo Switch is a great console for the family or the dedicated gamer. This version, the V2, is a big upgrade over the original Switch and has a very noticeable extended battery life compared to the original Switch, with newer joycons included and a brighter LCD screen. Love it, use it everyday!

  
"
2.0 out of 5 stars,"









  
  
    
  Bought this and was unaware that it did not come with the game! Guess we were taken for a ride. Definitely price gouging. But lesson learned. Buyer be ware.

  
"
5.0 out of 5 stars,"









  
  
    
  Came in pristine condition. My two boys love this thing...so much so I had to buy a second one because they seem to want to play with it at the same time.

  
"
4.0 out of 5 stars,"









  
  
    
  Geez, I suck at these games. Now in my 50's I'm trying to work on my reaction time and reflexes and these games on the switch show me how much I suck :)

  
"
5.0 out of 5 stars,"









  
  
    
  Grandkids love them so I'm happy

  
"
5.0 out of 5 stars,"









  
  
    
  While technologically inferior to the other 2 consoles of this gen, the Switch is hands down the most fun of them all. There are just a gazillion games available and the ability to seamlessly switch from docked mode to portable mode is just priceless. Nothing can beat being able to play your favorite games anywhere you want. Definitely a must buy.

  
"
5.0 out of 5 stars,"









  
  
    
  so  I got this for myself in xmas, I wanted it for so long since I love animal crossing, it came quicker than expected and works so fine, I love it.

  
"
5.0 out of 5 stars,"









  
  
    
  We like it a lot.  Nintendo's not breaking any new ground here.  The screen is nicer on these new units than my launch version so there's that.

  
"
5.0 out of 5 stars,"









  
  
    
  Arrived early and as described!! We are very happy with our purchase. We bought the Switch with red and blue joy cons.

  
"
5.0 out of 5 stars,"









  
  
    
  i had the older model and now that i switched to this one (no pun intended) i wouldn‚Äôt go back, back then i had to charge my old switch like 5 times a day under heavy gaming sessions, now i have to worry maybe once! great upgrade and heavily recommended if you mostly play 2d and indie games

  
"
5.0 out of 5 stars,"









  
  
    
  We love that we can control the amount of time spent on the device from our smart phone & that there are a variety of games that are family friendly.

  
"
5.0 out of 5 stars,"









  
  
    
  best switch yet ü§ß

  
"
5.0 out of 5 stars,"









  
  
    
  Usually, I am not one to make a big purchase like this since I am paranoid something will happen to it during delivery but the price was right so I went ahead and bought it. Everything came in perfect condition and the switch works great! I got this as a gift for someone and they loved it. Would definitely recommend purchasing!

  
"
3.0 out of 5 stars,"









  
  
    
  There‚Äôs a lot of things I like about the Switch, but at the same time, the limited number of interesting titles makes it a glorified dust collector... whenever I actually do remind myself to boot it up and play the titles I do have.

  
"
5.0 out of 5 stars,"









  
  
    
  YESSSS!! AC was awesome to play with it was on Game Cube, so having it for switch is awesome! The colors are amazing and the little bears on the console are cute! The handheld has a great design on the back as well!

  
"
5.0 out of 5 stars,"









  
  
    
  Like most other Nintendo systems, works great! Fun games and works well

  
"
2.0 out of 5 stars,"









  
  
    
  We've only had them for a week, but one of the joy-cons is already malfunctioning. The right one - the joystick/cam will sometimes spin freely of its own accord. Annoying.

  
"
5.0 out of 5 stars,"









  
  
    
  I missed out on the launch and only now have the time to play one. Very happy there were still new mods out there! And this is from the South Asia region, so its an import, not a scalp. Switch is completely regional free too btw

  
"
5.0 out of 5 stars,"









  
  
    
  I bought 3 for the grandkids. There are enough free/cheap games to keep them happy. Online parental controls are really nice.

  
"
5.0 out of 5 stars,"









  
  
    
  And I was able to get it at market value! Thank you Amazon <3

  
"
5.0 out of 5 stars,"









  
  
    
  My kids love the switch! This is the second one we‚Äôve purchased so they wouldn‚Äôt have to share.

  
"
5.0 out of 5 stars,"









  
  
    
  Exactly as described. Brand new. Got for my son for Christmas and he is very happy.

  
"
5.0 out of 5 stars,"









  
  
    
  It came fast and was in great condition. Game plays well

  
"
5.0 out of 5 stars,"









  
  
    
  The switch is such a satisfying console to deal with. All clicky and snappy. Plus it has Super Smash Bros Ultimate so there's that too!

  
"
5.0 out of 5 stars,"









  
  
    
  I'm disappointed in myself of why I didn't getting this console first launch. I am Very Impressed with how much thought and quality was put into this product. Highly Satisfied and fun to Play on. Cheers! to Nintendo.

  
"
5.0 out of 5 stars,"









  
  
    
  Super fun as all Nintendo consoles/games

  
"
5.0 out of 5 stars,"









  
  
    
  The Nintendo Switch is a great game system. The screen is nice and large making gameplay so much more enjoyable. My son's favorite feature of the Switch is the fact that it can be hooked up to the TV AND he can bring it with him on car rides. I definitely recommend this product! Love Nintendo!

  
"
5.0 out of 5 stars,"









  
  
    
  Product is great and as advertised. It was a week late even though I paid extra, but all in all I'm happy.

  
"
5.0 out of 5 stars,"









  
  
    
  Arrived quickly and easy to set up! Cant wait to play

  
"
5.0 out of 5 stars,"









  
  
    
  Gift for my daughter! She absolutely loved it!

  
"
5.0 out of 5 stars,"









  
  
    
  All my grandson wanted for Christmas.  He loves it!!

  
"
5.0 out of 5 stars,"









  
  
    
  Such a wonderful gift to myself and my boyfriend 10/10 dependable and sturdy console from Nintendo.

  
"
5.0 out of 5 stars,"









  
  
    
  Great console for my nephew! He is expecting it for Christmas.

  
"
5.0 out of 5 stars,"









  
  
    
  Very nice! Something my whole family plays together!

  
"
1.0 out of 5 stars,"









  
  
    
  I ordered this item, as the box indicates it is a US version of the switch. However, I received an international JP version from the seller. The fan is having issues now, and Nintendo will not support because I have a USA address. So I am up a creek. Would recommend looking elsewhere and making sure you get the USA version!

  
"
5.0 out of 5 stars,"









  
  
    
  Great quality, perfect condition in box the kids love them.

  
"
5.0 out of 5 stars,"









  
  
    
  Perfect condition and arrived a week early! I absolutely love my switch! Such a fun and innovative console!

  
"
4.0 out of 5 stars,"









  
  
    
  Great console. Very fun. A little expensive but I'm happy with the buy.

  
"
2.0 out of 5 stars,"









  
  
    
  The shipping was incredibly fast. However my special edition box came damaged. Also after one day the AC Power cable went bad. Not a good experience to be honest I‚Äôm pretty disappointed.

  
"
5.0 out of 5 stars,"









  
  
    
  My son was very happy with it, and liked it so much, and product in all is good and customizable.

  
"
5.0 out of 5 stars,"









  
  
    
  Gift for grandson, last Christmas(2019)Loved it.

  
"
5.0 out of 5 stars,"









  
  
    
  everything works perfectly what wasnt perfect was the guy who deliever the package threw it other than that you should find ppls who deliever the packages not throw it on ppls door steps ring the bell and hightail and leave

  
"
5.0 out of 5 stars,"









  
  
    
  My husband and I love playing this. It's like being kids all over again. It's a great way to forget about the stress of work.

  
"
4.0 out of 5 stars,"









  
  
    
  It works I‚Äôm glad about that because I don‚Äôt usually get electronics and gaming accessories through the internet.I‚Äôm not happy about how it was packaged and how banged up the tablet tower is I understand it was refurbished but come on I open it up and the controller lights are blinking.I am still happy though! I just hope it lasts awhile!Thank you!

  
"
5.0 out of 5 stars,"









  
  
    
  I'm not into video games but I bought this for my 7 year old son and he loves it. He likes playing WWE on it

  
"
5.0 out of 5 stars,"









  
  
    
  Came perfectly and quickly. Great for kids and the whole family. Definitely pay attention to what kinds of controllers you need for multiplayer games, though. Some will work with just the ones that come with the console but some require another set!

  
"
5.0 out of 5 stars,"









  
  
    
  Product was exactly as described. Really like the Nintendo switch. Ordering through Amazon is a great experience. Was processed, shipped and arrived quickly.

  
"
5.0 out of 5 stars,"









  
  
    
  It was in stock and it wasnt over oriced

  
"
5.0 out of 5 stars,"









  
  
    
  Xmas gift for Grandson , he loves it

  
"
5.0 out of 5 stars,"









  
  
    
  I love it it came in good condition

  
"
2.0 out of 5 stars,"









  
  
    
  Switch seems to be ok so far but the supposedly ""new"" controller has a right joy con that drifts and won't stay connected.

  
"
5.0 out of 5 stars,"









  
    
  Excelente descripcion del producto

  
  
"
5.0 out of 5 stars,"









  
  
    
  Good system good buy but a little pricey.

  
"
5.0 out of 5 stars,"









  
  
    
  Gift - delivered early and kids love it

  
"
4.0 out of 5 stars,"









  
  
    
  Was a pain to set up for the kid I purchased this for! But otherwise great product.

  
"
5.0 out of 5 stars,"









  
  
    
  My only problem is that it doesn't come with instructions.

  
"
5.0 out of 5 stars,"









  
  
    
  Son loved this as a Christmas present.

  
"
5.0 out of 5 stars,"









  
  
    
  Good product.  Everything okay

  
"
5.0 out of 5 stars,"









  
  
    
  It is great.. The old one wasn't working right, but this is great

  
"
5.0 out of 5 stars,"









  
  
    
  Got this for my Son for Christmas! He LOVES it

  
"
5.0 out of 5 stars,"









  
  
    
  My family has gotten countless hours of enjoyment of out this little device!

  
"
4.0 out of 5 stars,"









  
  
    
  Nice addition.  Only for ring adventure. As a game console I love Xbox more.

  
"
4.0 out of 5 stars,"









  
  
    
  I really liked the product and it came in perfect condition but it was definitely well over it‚Äôs worth. The MSRP for the Nintendo switch is 300 dollars and it was sold for 448 dollars!!! If you can overlook that fact then it‚Äôs an amazing portable system and you‚Äôll get a good use out of it.

  
"
5.0 out of 5 stars,"









  
  
    
  It was a gift and it was great

  
"
5.0 out of 5 stars,"









  
  
    
  Love it! Got here so fast and everything works! Thanks

  
"
5.0 out of 5 stars,"









  
  
    
  There is one thing that completely sells the Switch in my opinion: It seems every aspect(aside from one) of holding, picking up and down, docking, and generally ""living"" with the item has been thoroughly thought through. Playing while lying on your back is the only difficulty. 5/5

  
"
5.0 out of 5 stars,"









  
  
    
  I might have paid a little more than retail price but worth every penny item was intact not one scratch on it no missing parts and in original package and bags I am super happy and enjoying every minute of play time I recommend this seller to anyone looking for a switch

  
"
5.0 out of 5 stars,"









  
  
    
  Works perfectly after a week of use so far. Didn't arrive beat up or damaged at all.

  
"
5.0 out of 5 stars,"









  
  
    
  I bought this for myself and i got the right console HAC-001(01) and it works just fine sd card works and games loaded up just fine a perfect gift for anyone of any age

  
"
5.0 out of 5 stars,"









  
  
    
  Very happy with this. Kinda upset that we went to Walmart today after I got this and its 60 bucks cheaper. But hey over all very happy. My woman has been playing it for 2 hours with that great smile. Worth every dime.

  
"
5.0 out of 5 stars,"









  
    
  Esta consola es maravillosa !!! La compre con unos accesorios y con el Mario Deluxe ... el envio fue r√°pido y todo lleg√≥ en perfecto estado !!! Mi ni√±o sin dudas la disfrutara much√≠simo!!!!

  
  
"
5.0 out of 5 stars,"









  
  
    
  My son loves it. Great game and great quality product.

  
"
5.0 out of 5 stars,"









  
  
    
  I love it. Can‚Äôt stop playing it.

  
"
5.0 out of 5 stars,"









  
  
    
  Very enjoyable

  
"
5.0 out of 5 stars,"









  
  
    
  Great deal

  
"
5.0 out of 5 stars,"









  
  
    
  Works great

  
"
5.0 out of 5 stars,"









  
  
    
  Box came in good condition and working. Had no problems so far (I've had it for about two months now.) Battery lasts a long time as well. Love it!

  
"
5.0 out of 5 stars,"









  
  
    
  I bought this for my nephew, and it had everything he needs to connect it to the TV or to play himself. He is so happy! Fast shipping and a smooth transaction

  
"
5.0 out of 5 stars,"









  
  
    
  Great gift for the holidays.

  
"
5.0 out of 5 stars,"









  
  
    
  Daughter loves all the feature and the games that are comparable with it. Uses it at college. On tv and hand held feature.

  
"
5.0 out of 5 stars,"









  
  
    
  Package arrived on time packaged well. Good game console and couldn't really beat the price.

  
"
5.0 out of 5 stars,"









  
  
    
  A+

  
"
3.0 out of 5 stars,"









  
  
    
  Good product but very expensive compared to its original price and I can‚Äôt buy anything from bestbuy cause of this scalpers.

  
"
5.0 out of 5 stars,"









  
  
    
  Love it

  
"
5.0 out of 5 stars,"









  
  
    
  Bought  this for my grandsons Christmas gift.  He loved it! Works great!

  
"
4.0 out of 5 stars,"









  
  
    
  It‚Äôs really nice to have hand held or on the tvOne thing that I do not like is there is no Bluetooth so you can‚Äôt connect to your air pods

  
"
5.0 out of 5 stars,"









  
  
    
  So much fun. Kids and I have loved it!!!

  
"
5.0 out of 5 stars,"









  
    
  Funciono perfectamente bien

  
  
"
5.0 out of 5 stars,"









  
  
    
  Gift for my granddaughter ,she loves it was easy to connect to home wifi

  
"
5.0 out of 5 stars,"









  
    
  Una compra sin desperdicios! Todo llego excelente üëå y en buen estado

  
  
"
5.0 out of 5 stars,"









  
  
    
  Super fun, my son loves to play it. Set up is super easy too! We love that its portable and can be played on the big TV at home. I can send my son to play while I finish my homework when his friends are not home

  
"
5.0 out of 5 stars,"









  
  
    
  I liked everything about this special edition Nintendo switch. It looks so nice. But the bad thing was that they delivered my package to the wrong address. They delivered my package to my next door neighbor. My neighbor notified me when the package arrived on her door. But everything else about the switch is amazing.

  
"
5.0 out of 5 stars,"









  
  
    
  In addition I was able to trade in my previous model and pick up a Switch Lite fully paid with the credit.

  
"
5.0 out of 5 stars,"









  
  
    
  It's a Nintendo switch

  
"
5.0 out of 5 stars,"









  
  
    
  I waited for a long time to get this Nintendo special edition! The green and blue is beautiful! I thought the animal crossing game was included in the console, but it was not. We still have to purchase animal crossing from the game shop

  
"
5.0 out of 5 stars,"









  
  
    
  My kids have NEVER had a video game console or anything other than what they can play on their iPhones and my teen loves this.  Who Knew!!!

  
"
5.0 out of 5 stars,"









  
  
    
  All I've been playing since I got one. Wish I got one sooner.

  
"
5.0 out of 5 stars,"









  
  
    
  Love the portability! Battery lasts a long time before needing to recharge. My kids each have one and love them!

  
"
5.0 out of 5 stars,"









  
  
    
  Even though the prices on the product was twice as expensive than MSRP, the product was recieved, had about a month to try the product, and everything works fine. I do suggest adding a little bit more on the packaging the carrier mightve spilled a drink and stained the box.

  
"
5.0 out of 5 stars,"









  
  
    
  Item was a gift made a young lady very happy

  
"
5.0 out of 5 stars,"









  
  
    
  Awesome!  Lots of fun!

  
"
5.0 out of 5 stars,"









  
  
    
  Very happy with this system. Not a fan of the color scheme  or Animal crossing but , it functions as it should and Its the first special edition switch that I am aware of.

  
"
5.0 out of 5 stars,"









  
  
    
  I love the animal crossing edition so much! Worth waiting for the re-release to get it. :)

  
"
5.0 out of 5 stars,"









  
    
  Igualito ke en la foto muy bonito

  
  
"
5.0 out of 5 stars,"









  
  
    
  The person I got the gift for loves it.  Intuitive interface,  user friendly,  great graphics and mobile.

  
"
5.0 out of 5 stars,"









  
  
    
  The switch works well and have plenty of games out on it.  My family and I have enjoy endless hours of video games thanks to this system.  I have had zero trouble with it so far.

  
"
5.0 out of 5 stars,"









  
  
    
  Haven't owned anything Nintendo since my  Wii and I'm very pleased with the progress they have made. As well as the direction they are following, making games feel like games and prioritizing fun over graphics.

  
"
5.0 out of 5 stars,"









  
    
  Solamente funciono 45 d√≠as , me siento decepcionada de mi compra .

  
  
"
5.0 out of 5 stars,"









  
  
    
  Wonderful game boys loved it

  
"
1.0 out of 5 stars,"









  
  
    
  Very hard to play

  
"
5.0 out of 5 stars,"









  
  
    
  Great spin on the product.

  
"
5.0 out of 5 stars,"









  
  
    
  My Son loves His Switch!

  
"
5.0 out of 5 stars,"









  
  
    
  Love this edition of the switch the colors and graphics on it are beautiful!

  
"
5.0 out of 5 stars,"









  
  
    
  Best system by Nintendo yet. Compact yet full of Nintendo magic. The game selection is awesome and, with a better battery life I‚Äôll be gaming all the time. Good stuff!

  
"
5.0 out of 5 stars,"









  
  
    
  Boys love switch

  
"
5.0 out of 5 stars,"









  
  
    
  All great grandson loves it

  
"
5.0 out of 5 stars,"









  
  
    
  This was ordered by mistake as I didn't realize that it was a handheld.

  
"
5.0 out of 5 stars,"









  
  
    
  Works perfectly...Great for kids and adults

  
"
5.0 out of 5 stars,"









  
  
    
  Should have bought this year's ago. Family favorite

  
"
5.0 out of 5 stars,"









  
  
    
  Love Animal Crossings so love this product. Arrived quickly

  
"
5.0 out of 5 stars,"









  
  
    
  Fast delivery, love my switch

  
"
1.0 out of 5 stars,"









  
  
    
  Really bad business. Item failed to charge inside of 30 days. Item returned for a whopping refund of $1.00. Stay away from geek alliance.

  
"
5.0 out of 5 stars,"









  
  
    
  BEAUTIFUL!

  
"
5.0 out of 5 stars,"









  
  
    
  Now we really can‚Äôt leave the switch! Playing Mario Party and Animal Crossing almost every day. The deceleration is so cute. Recommended for Animal Crossing fans for sure!

  
"
5.0 out of 5 stars,"









  
  
    
  Great system wish price was normal I got it from 3rd party did get it way fastest

  
"
5.0 out of 5 stars,"









  
  
    
  NICE QUALITY AND FAST SHIPPING

  
"
5.0 out of 5 stars,"









  
  
    
  The Nintendo Switch an awesome console that allows you to carry it everywhere as well as play your favorite games on the big screen!

  
"
5.0 out of 5 stars,"









  
  
    
  was sad when i heard switches were gonna be hard to find, but when i heard Nintendo was restocking the animal crossing one i had to buy it, it came fast and had no problems with it

  
"
5.0 out of 5 stars,"









  
  
    
  I love my Switch! So much to do with this small and versatile device. I can‚Äôt wait to add more games to my collection!

  
"
1.0 out of 5 stars,"









  
  
    
  It wouldn‚Äôt let me access my Nintendo account so I called Nintendo and they informed me that the previous user banned it world wide. Other than that nothing was wrong with it.

  
"
5.0 out of 5 stars,"









  
  
    
  I wish I still could have had it for my second grandchild but I couldn't afford it and every time he went to visit us he would tell us all about it and other Nintendo products

  
"
5.0 out of 5 stars,"









  
  
    
  Excellent product! My son loves it!

  
"
5.0 out of 5 stars,"









  
  
    
  Not only did this come in early, but also carefully packaged and in perfect condition. A beautiful piece of technology that I look forward to using for a long time to come.

  
"
5.0 out of 5 stars,"









  
  
    
  Great product, colorful handles, hours of fun

  
"
5.0 out of 5 stars,"









  
  
    
  Daughter loved her gift.What kid doesn't want a Nintendo

  
"
5.0 out of 5 stars,"









  
  
    
  Awesome and fun time enjoying with the family!

  
"
5.0 out of 5 stars,"









  
  
    
  At MSRP, this is great

  
"
5.0 out of 5 stars,"









  
  
    
  My son loves it

  
"
5.0 out of 5 stars,"









  
  
    
  5000% worth every penny.

  
"
1.0 out of 5 stars,"









  
  
    
  Controllers already not responding,  left and right drifting as if you were pushing the joystick. Amazon refurbished works better than buying new.  I bough one used and one new. New one was only bought the end of October.

  
"
5.0 out of 5 stars,"









  
  
    
  Got it for my son and he loves it.

  
"
5.0 out of 5 stars,"









  
  
    
  Christmas gift

  
"
5.0 out of 5 stars,"









  
  
    
  I was expecting it to come on the 19th of Aug. But it was delivered on the 14th to my house. Amazingly fast~ And very new and working wonderfully.  Thank you very much :)

  
"
5.0 out of 5 stars,"









  
  
    
  Awsome Video Game. Expensive games though.

  
"
5.0 out of 5 stars,"









  
  
    
  Amazing quality, but make sure to buy a screen protector with it! I made the mistake of not, and now this guy is dealing with a big old scratch on the right side of his screen.

  
"
3.0 out of 5 stars,"









  
  
    
  When the switch came, it was bent. It was bowed just enough that it's hard to get it on the charging dock.

  
"
5.0 out of 5 stars,"









  
  
    
  Best Nintendo product ever! Great value! Perfect fun for everyone!

  
"
5.0 out of 5 stars,"









  
  
    
  This was a gift for my little brother and he loved it. Great product

  
"
5.0 out of 5 stars,"









  
  
    
  Battery live is amazing don't have to costally worry is going to die

  
"
5.0 out of 5 stars,"









  
  
    
  My son was very happy and satisfied with his new game.

  
"
5.0 out of 5 stars,"









  
  
    
  No complaints.

  
"
5.0 out of 5 stars,"









  
  
    
  Kids loved it.

  
"
5.0 out of 5 stars,"









  
  
    
  Love it

  
"
5.0 out of 5 stars,"









  
  
    
  Good game station

  
"
5.0 out of 5 stars,"









  
  
    
  I like everything about it, no dislikes.

  
"
5.0 out of 5 stars,"









  
  
    
  Great product. Arrived in brand new condition sooner than expected! Very happy with this purchase.

  
"
5.0 out of 5 stars,"









  
  
    
  Excellent condition

  
"
5.0 out of 5 stars,"









  
  
    
  Works Excellent!!!!

  
"
1.0 out of 5 stars,"









  
  
    
  Frozen after using it 10 times. Apparently it is a known hardware issue. How can they sell such low quality product?

  
"
5.0 out of 5 stars,"









  
  
    
  It came faster then the estimated date. The product is nice.

  
"
4.0 out of 5 stars,"









  
  
    
  I love it only thing is one of the joy cons doesn‚Äôt snap it.

  
"
4.0 out of 5 stars,"









  
  
    
  Its durable and my son loves it.

  
"
5.0 out of 5 stars,"









  
  
    
  Gift for my son and he loved it!

  
"
5.0 out of 5 stars,"









  
  
    
  Great!

  
"
5.0 out of 5 stars,"









  
  
    
  10/10

  
"
5.0 out of 5 stars,"









  
  
    
  It‚Äôs a good switch

  
"
5.0 out of 5 stars,"









  
  
    
  everything is great shape. thanks.

  
"
5.0 out of 5 stars,"









  
  
    
  Great product love my new nintendo

  
"
5.0 out of 5 stars,"









  
  
    
  Love it

  
"
5.0 out of 5 stars,"









  
  
    
  Good nintendo switch console

  
"
1.0 out of 5 stars,"









  
  
    
  Haven't had it long at all and the left joycon has gone out completely.

  
"
1.0 out of 5 stars,"









  
  
    
  Terrible! Box damaged and missing parts inside!

  
"
5.0 out of 5 stars,"









  
  
    
  My son can't get enough of breathe of the wild.

  
"
5.0 out of 5 stars,"









  
  
    
  Lucky get one at regular price,everything is fine.  make fun!

  
"
5.0 out of 5 stars,"









  
  
    
  Beautiful switch runs smooth. Box came in perfect conedition.

  
"
5.0 out of 5 stars,"









  
  
    
  Very good product.  No problems so far. Works great.

  
"
5.0 out of 5 stars,"









  
  
    
  Worked perfect

  
"
5.0 out of 5 stars,"









  
  
    
  Son loved it.

  
"
5.0 out of 5 stars,"









  
  
    
  Kids love itÔºÅ

  
"
5.0 out of 5 stars,"









  
  
    
  It‚Äôs very fun

  
"
5.0 out of 5 stars,"









  
  
    
  Great system.

  
"
5.0 out of 5 stars,"









  
  
    
  Solid product

  
"
5.0 out of 5 stars,"









  
  
    
  that i never saw one in real life and it is cool

  
"
5.0 out of 5 stars,"









  
  
    
  really good!

  
"
5.0 out of 5 stars,"









  
  
    
  Nice product

  
"
5.0 out of 5 stars,"









  
  
    
  Works great!

  
"
5.0 out of 5 stars,"









  
  
    
  Amazon is a responsible platform. The item is pretty cute.

  
"
5.0 out of 5 stars,"









  
  
    
  ‚ò∫

  
"
5.0 out of 5 stars,"









  
  
    
  My son loves this. He is 8.

  
"
5.0 out of 5 stars,"









  
  
    
  dope

  
"
5.0 out of 5 stars,"









  
  
    
  so much fun honestly

  
"
1.0 out of 5 stars,"









  
    
  Malo ped√≠ nintendo Swich nuevo y me lleg√≥ uno usado me siento enga√±ada

  
  
"
5.0 out of 5 stars,"









  
  
    
  good graphic. long battery

  
"
5.0 out of 5 stars,"









  
  
    
  Fantastic console, great delivery time

  
"
5.0 out of 5 stars,"









  
  
    
  You get what you pay for.

  
"
5.0 out of 5 stars,"









  
  
    
  üåàBest game machine in this century.

  
"
5.0 out of 5 stars,"









  
  
    
  Very good

  
"
5.0 out of 5 stars,"









  
  
    
  Kids love it

  
"
5.0 out of 5 stars,"









  
  
    
  Waooo, fast and accurate

  
"
5.0 out of 5 stars,"









  
  
    
  Perfect....I love it!

  
"
5.0 out of 5 stars,"









  
  
    
  5/5

  
"
5.0 out of 5 stars,"









  
  
    
  Fantastic! One of the best consoles I own!

  
"
5.0 out of 5 stars,"









  
  
    
  Nice üëç!!!!

  
"
5.0 out of 5 stars,"









  
    
  A mis hijos les encanta y a mi tambi√©n!!!

  
  
"
5.0 out of 5 stars,"









  
  
    
  ‚ù§Ô∏è‚ù§Ô∏è‚ù§Ô∏è‚ù§Ô∏è‚ù§Ô∏è‚ù§Ô∏è

  
"
5.0 out of 5 stars,"









  
  
    
  It is so cute and amazing to play on!

  
"
1.0 out of 5 stars,"









  
  
    
  Sickening. Price gouging.

  
"
1.0 out of 5 stars,"









  
  
    
  Any amount over $300 is way too overpriced.  And any company that encourages this behavior deserves -1 stars.

  
"
1.0 out of 5 stars,"









  
  
    
  specially under these stressful conditions we find ourselves in trying to stay home and somehow making money WITHOUT being able to work.  suddenly someone wants to buy a switch because they have the time but nintendo is gouging the product. not cool to take advantage of peoples situations.

  
"
5.0 out of 5 stars,"









  
  
    
  Do not buy any of it. The third party sellers are crazy. I love this edition, but I am definitely not going to pay double of its price.  Sellers, keep them until the coronavirus ends, and have fun.

  
"
5.0 out of 5 stars,"









  
  
    
  I got mine at gamestop. Last one they had without a pre-order and I'm in love. This thing is so beautiful and well made like pretty much everything nintendo makes. I love the pastel color of the joy-cons.

  
"
5.0 out of 5 stars,"









  
  
    
  The Switch Lite may fall short in many areas, but this is the one to get. Its an improved original switch, with better battery life. However about 2 hours of battery life is the only difference, so if you find the old switch at a discount price that may be worth getting as well. This one has all the features and you can be sure all games will work with it, unlike the Switch Lite. The Switch Lite isn't worth getting IMO.The biggest pro IMO of the switch is the detachable joy-con's. I have never seen a handheld with detachable joy-con's before this one, and its a huge improvement. If you get sticky buttons, worn out buttons or have a problem with your joy-con's you can just swap them with a new set instead of having to replace the whole handheld. Because of Joy-con drift Nintendo is now fixing Joy-Con's for free so you can buy 2 sets of joy-con's and send one out while the other set is getting fixed. I play Pokemon and a lot of it which requires mashing the A button a lot so I used to find that the A button got worn down much faster than other buttons on previous systems. It was a very complicated procedure to fix this problem on previous handhelds, they didn't come apart too easily if you could get them apart at all. If you tinker or like taking things apart its much easier to take apart a single joy-con and replace a button pad rather than it is to take apart most of a handheld to reach the part that needs to be replaced. This increases the longevity of the system and makes it more durable without having to spend a lot of money on future systems.Its important that you look for the switch with the red box when buying, this is the newer model, the older model comes in a white box. Some places are still selling the older version for the same price as the new.

  
"
1.0 out of 5 stars,"









  
  
    
  joycons are BUILT TO BREAK. AC adapter is BUILT TO BREAK. Games are EXPENSIVE. Basically every piece will need to be replaced within 6 months. I am an adult who uses this a couple times a month and BOTH JOYCONS ARE BROKEN AND MY CHARGER IS BROKEN. It will not connect to TV anymore. NINTENDO IS DIRTY AND ALL THEY WANT IS ENDLESS MONEY.ALSO: During COVID 19 YOUR WARRANTY IS VOID, DO NOT FALL FOR IT

  
"
3.0 out of 5 stars,"









  
  
    
  so while i do love the switch and the games with it but with all this scallping and all that happening, i cant help but feel bad because apperently the sellers have such low brain cells that they cant comprehend that not everyone is going to a spare $600 or $700. id also like to metion that as soon as stock goes back into retail stores these third party sellers are going to go bankrupt. thank you for reading this review.

  
"
2.0 out of 5 stars,"









  
  
    
  I received this as a gift . The console shut down suddenly and would not charge or turn on for 3 weeks. Amazon wouldn't allow me to return it or exchange it because it was a gift. Nintendo only offers a repair kit but its not free. I finally got it to charge but after purchasing a game to play, the left joy con is broke. This all happened within 6 months of having it with little use! Now it's sitting, collecting dust. Do not gift it, and buy at your own risk üò°üëé

  
"
1.0 out of 5 stars,"









  
  
    
  THIS IS WAY OVER PRICED! Shame on you!

  
"
5.0 out of 5 stars,"









  
  
    
  I had an NES in 1986 and gotten every Nintendo system at launch since. The Switch is the realization of the past 30+ years of Nintendo history. I'm looking forward to the next iteration.

  
"
3.0 out of 5 stars,"









  
  
    
  so i ordred the switch with the free $25, promotional card, but I got charged the $25.  whats up with that?

  
"
5.0 out of 5 stars,"









  
    
  HolaHace unos meses encontr√© este producto en amazon y me  encant√≥ el precio es impresionante y el producto igual a mi hijo le encanta este producto no puede ser mejor estoy pensando en comprarme otra, para mi sobrino de seguro le va a encanta se los recomiendo mucho comprendo les va a encantar a quien se lo regales

  
  
"
1.0 out of 5 stars,"









  
  
    
  It was a gift for Valentines and luckily we didn‚Äôt wait a day longer or we wouldn‚Äôt have been able to return it. Upon opening it, the screen was literally so gross and dirty, we had to clean it before using it. Looked like a little kid was playing and got their food stuck to it. We hoped maybe that was all that was wrong, but nope, one of the joycons wouldn‚Äôt connect or hold a charge. Pretty upsetting if you ask me. Especially because it was given as a gift!

  
"
5.0 out of 5 stars,"









  
  
    
  My previous review was made out of anger based on, what turned out to be, a false delivery date that was much later than advertised. Luckily, since it a birthday gift for my son, it was delivered on time.

  
"
5.0 out of 5 stars,"









  
  
    
  My favorite portable device I‚Äôve ever ownedHas kids and adult games you can choose from so there isn‚Äôt a limit on age range. I‚Äôd recommend it to anyone who needs a portable device

  
"
1.0 out of 5 stars,"









  
  
    
  I even set up an ""in-stock alert,"" got an alert a few seconds ago. Navigated my way over and clicked ""buy now"" within 30 seconds, and NOPE. ALL bought up AGAIN by the damned price gougers. This has gotten past stupid at this point. This happens one more time, and I'll just save up my money for a PS5 or something

  
"
5.0 out of 5 stars,"









  
  
    
  amazon shipped, arrived in 24 hrs, works perfectly brand new. Was a gift and Amazon got it delivered lightning fast. Works great and they love it. Would have taken  up to a week via Walmart.

  
"
5.0 out of 5 stars,"









  
  
    
  i love how this switch looks! i had a release date switch but this one is my new main switch because of the longer lasting battery (sorry old switch). i feel super scared the back will get scratched so if your as scared as me buy some transparent protection for this cutie! Don't support people reselling this switch for $100+, those people are rude!

  
"
5.0 out of 5 stars,"









  
  
    
  the gaming system is top notch but AMAZON IS REALLY LOSING IT.  This is 299.00 suggested and just try to contact Amazon it's like they have left the business and don't care.

  
"
5.0 out of 5 stars,"









  
  
    
  Didn‚Äôt get the hype until I finally got one.  Now my favorite system of all time.  So well done.

  
"
5.0 out of 5 stars,"









  
  
    
  Just what my daughter and son-in-law wanted for Christmas! They are very happy with their gift.

  
"
5.0 out of 5 stars,"









  
  
    
  Very well packed, come in perfect conditions, all works fine. No issues so far... Having fun as a kid!!!

  
"
5.0 out of 5 stars,"









  
  
    
  Awesome gaming device for my son to game with his friends

  
"
5.0 out of 5 stars,"









  
  
    
  NOT A BAD SYSTEM TO WHOM ARE A NINTENDO FREAK. I HAVE ENJOYED USING MY SON'S GAME SYSTEM!!!!

  
"
5.0 out of 5 stars,"









  
  
    
  Birthday present for my boyfriend and we both love it. We even watch YouTube on it. Very comfortable to hold and use. I don‚Äôt feel like my hands are small and I can‚Äôt reach controls.

  
"
5.0 out of 5 stars,"









  
  
    
  My kid loves the Nintendo Switch. Easy to work. Received quickly and packaged well.

  
"
5.0 out of 5 stars,"









  
  
    
  I got this on sale for my gf as a Christmas gift. Its here first system she ever got for Christmas and she really loves it!

  
"
5.0 out of 5 stars,"









  
  
    
  What more can be said about Nintendo switch? It is the maximum

  
"
5.0 out of 5 stars,"









  
  
    
  My son loved it! I played with it so much, I bought a second one for myself lol.

  
"
5.0 out of 5 stars,"









  
    
  Excelente, la caja con muy pocos detalles, pero lo m√°s importante es la consola y sus aditamentos en perfectas condiciones.No hay m√°s que decir, estoy muy satisfecho por la compra.Espero rese√±ar en unos meses sobre su funcionamiento.

  
  
"
5.0 out of 5 stars,"









  
    
  Lleg√≥ en perfecto estado y en 15 minutos la ten√≠a instalada y estaba lista para jugar. Adem√°s de la consola se incluyen los dos joycons, por supuesto, tambi√©n los sujetadores para los joycons, el HDMI, el cable para la corriente y adem√°s un adaptador (o como se llame) para que los joycons se usen como un control tradicional al estilo XBOX. Estoy muy contento con la compra y recomiendo mucho la consola principalmente para aquellos que gustan de los juegos cl√°sicos de Mario y tambi√©n considero que es la mejor consola para ni√±os y no tan ni√±os.

  
  
"
5.0 out of 5 stars,"









  
    
  Excelente producto! El env√≠o fue r√°pido y lleg√≥ en excelentes condiciones. Lo √∫nico es que lamentablemente la pantalla sali√≥ con un pixel muerto y no se considera defecto de f√°brica por Nintendo, lo bueno es que es casi imperciptible a menos que le pongas mucha atenci√≥n. Es el mejor regalo de navidad que me he hecho!

  
  
"
5.0 out of 5 stars,"









  
  
    
  The product is as good as new. I‚Äôve noticed that at the top near the power button there was a slight scratch, but the seller indicated that the condition otherwise was like new and consisted of a slight imperfection. Overall, excellent product, fast shipping and reliable!

  
"
5.0 out of 5 stars,"









  
    
  Los grabados del dock se sienten de muy buena calidad, los joycons son muy bonitos. Es perfecto para cualquier fan de Animal Crossing. 100% recomendado!Pd. Para los que todav√≠a no est√©n seguros, no trae el juego, es solo la consola.

  
  
"
5.0 out of 5 stars,"









  
    
  Me encanto, el equipo es justo el que quer√≠a, la nueva versi√≥n (2019), est√° con descuento y ped√≠ el env√≠o normal de 60 pesos, mi fecha estimada de entrega era una semana despu√©s de la compra sin embargo recib√≠ mi paquete al siguiente dia, todo en orden, no ven√≠a maltratado, como si lo hubiera comprado desde una tienda especializada üëçüèªüëçüèª

  
  
"
1.0 out of 5 stars,"









  
  
    
  Apparently the dock is broken, no longer charging nor connecting to the TV. All cords are soundly connected. We've been using this gently for under 2 weeks

  
"
1.0 out of 5 stars,"









  
    
  El producto aparentemente en buen estado, pero estanos teniendo problemas con el. Apenas jugamos 30 min y se apaga por sobre calentamiento y no carga bien (en cdmx en temperatura templada) . Estamos buscando una respuesta sobre la garant√≠a y saber que podemos hacer.

  
  
"
5.0 out of 5 stars,"









  
  
    
  I should have bought this a long time ago. Another quality product from Nintendo as expected. I bought this for my kids as a gift for christmas but i find myself playing more than they do. Supemario Kart Deluxe 8 and Supermario bros deluxe are must have games. Theyre expensive but it's worth it.

  
"
2.0 out of 5 stars,"









  
  
    
  Now that I have this in my hand the whole system feels horribly designed. The games are great fun but having the controllers swap in and out different types of holders feels like it could break. All of it feels like if could break but it's designed like fisher price toy.Was well packaged and arrived undamaged. This was greatly appreciated.

  
"
5.0 out of 5 stars,"









  
    
  Me lleg√≥ antes de tiempo y en excelentes condiciones. Lo consegu√≠ en muy buen precio. El nintendo switch es la mejor consola de Nintendo y es bueno que est√°n reviviendo juegos antiguos. El modo port√°til es mi favorito.

  
  
"
5.0 out of 5 stars,"









  
    
  La consola llego en perfecto estado antes de lo esperado como siempre con amazon. Solo un detalle siempre se equivocan conmigo al momento de la entrega , porque hay dos calles con el mismo nombre en mi localidad, fuera de eso llego intacta la consola la compre con el pokemon sword y todo llego bien, la consola funciona super bien...Ademas de que la agarre con buen descuento en el buen fin mas el 10 adicional con mi tarjeta y aparte el descuento  de mi banco salio regaladisima.

  
  
"
5.0 out of 5 stars,"









  
    
  Maravillado con el producto, muy recomendable, especialmente para los ni√±os y en familia, juego como Mario Party, Mario Kart, o Super Smash Brothers son suficientes para horas de diversi√≥n. Recomiendo el producto ampliamente.

  
  
"
5.0 out of 5 stars,"









  
    
  O produtor √© √≥timo e tem superado nossas expectativas. Divers√£o pra toda a fam√≠lia. A loja (Games Shop) havia enviado o produto errado, o antigo switch, mas fez a troca de forma adequada e eficiente. A √∫nica reclama√ß√£o que tenho quanto aos vendedores √© que em nenhum momento pediram desculpas pelo erro e transtorno.

  
  
"
5.0 out of 5 stars,"









  
    
  El empaque ven√≠a en muy buenas condiciones,  lleg√≥ bien sellado y completo el producto y antes de lo previsto.Al principio estaba indeciso entre el switch y el Ps4 pero la verdad no me arrepiento de haber escogido el switch.Nota: recomiendo compren junto con su consola una memoria micro sd de 128gb o mayor y un protector para su consola y un control extra si piensan jugar con amigos. Yo compr√© el pro controller y la verdad esta muy bueno, adem√°s es m√°s c√≥modo que los Joy con.

  
  
"
4.0 out of 5 stars,"









  
  
    
  Works well but the price I paid was a BIG OOF  on my part 600 CAD when I could have waited a week for walmart to sell one to me for 400 CAD and I have prime and that didn't even help this would have been a 5 star rating but I do agree with this being a 4 star

  
"
5.0 out of 5 stars,"









  
    
  Encontr√© la Nintendo Switch en oferta y aprovech√© para adquirirla. Lleg√≥ en perfectas condiciones, sin rastros de maltrato, golpeaduras o rayones. Respecto al tiempo de bater√≠a es muy buena, tiene una duraci√≥n lo bastante larga, jugando un aproximado de 3 horas parciales no he necesitado cargarla, sino hasta los dos o tres d√≠as siguientes, carga muy r√°pido tambi√©n y en general de acuerdo al dise√±o es muy c√≥moda y se ve linda por el color gris. Adicional sugiero comprarle una mica de cristal y tener un pa√±o para estarla limpiando, as√≠ como una funda protectora para tenerla con cuidados. La recomiendo ampliamente (:

  
  
"
5.0 out of 5 stars,"









  
    
  Llego en perfectas condiciones! Ten√≠a miedo del estado del producto, pero lleg√≥ sellado correctamente en su exterior e interior, lo ped√≠ para navidad y llego muy r√°pido y a tiempo. Llevo usando la consola semanas y no me ha dado ning√∫n problema :) recomiendo

  
  
"
5.0 out of 5 stars,"









  
    
  El paquete me lleg√≥ en menos de dos d√≠as, la caja de la consola est√° un poco decolorada, pero sin abolladuras.Una gran consola, los juegos que hay son muy divertidos y pr√°cticamente viene lista para jugar con tu pareja o hermano, pues cada joy con son un control para la mayor√≠a de los juegos, una lastima que el juego lo comprara por separado.La pila le dura bastante, he llegado a jugar hasta por m√°s de 7 horas teniendola en modo avi√≥n y con audifonos conectados.

  
  
"
5.0 out of 5 stars,"









  
    
  Recib√≠ el paquete sellado y sin ning√∫n problema. Pague por el env√≠o y me sorprendi√≥ lo r√°pido que me enviaron el producto ya que lo ped√≠ un lunes y me lleg√≥ el mi√©rcoles, siendo que la aplicaci√≥n me marcaba el jueves. Estoy muy satisfecho con mi compra. El √∫nico detalle que observ√© fue que las correas que se acoplan a los joy-con quedan un poco desfasadas, no quedan exactamente a la misma altura de los mandos, pero no se nota demasiado. Fuera de eso no he tenido ning√∫n problema con la consola hasta el momento.

  
  
"
5.0 out of 5 stars,"









  
    
  La consola es la misma, la compr√© porque la anterior versi√≥n duraba muy poco la bater√≠a. Si viajas mucho te servir√° enormemente la duraci√≥n de su bater√≠a. Me llego en perfectas condiciones. Muchas gracias Amazon.

  
  
"
5.0 out of 5 stars,"









  
    
  C√≥mo siempre llego 1 d√≠a antes de lo esperado, muy conforme con el producto y mi hijo muy contento.Lo recomiendo ampliamente, compre una consola, 2 juegos y un control pro y todo llego en orden

  
  
"
5.0 out of 5 stars,"









  
    
  El paquete lleg√≥ antes del tiempo establecido y la caja en excelente estado, as√≠ como la consola, controles y dem√°s accesorios, ten√≠a mis dudas por ser una versi√≥n importada y batallar por aquello de la garant√≠a, pero hasta el momento el funcionamiento ha sido excelente, mis hijos contentos y yo tambi√©n porque fue un maravilloso regalo de Navidad a un muy buen precio.

  
  
"
5.0 out of 5 stars,"









  
    
  Horas y horas de diversi√≥n con esta consola. Siguiendo la filosof√≠a de Nintendo, se necesitan comprar muchos accesorios para sacarle todo el provecho y protegerla, ya que es algo fr√°gil.

  
  
"
5.0 out of 5 stars,"









  
    
  Sin problemas con la entrega. Bien empaquetado. Y el producto, simplemente genial. Es una consola muy vers√°til. Adquir√≠ Mario Kart 8 Deluxe y se ve muy bien tanto en TV como port√°til. Recomendada consola, aunque sus juegos son muy caros, pero buscando buenas ofertas o seminuevos, vale mucho la pena.

  
  
"
5.0 out of 5 stars,"









  
    
  (VENDIDO Y ENVIADO POR AMAZON MEXICO) Embalaje perfecto, no tuve ning√∫n problema con ello, todo sellado, la consola est√° en perfectas condiciones, tengo al menos ya con esta 3 semanas de haber recibido el producto y todo sin problemas, con respecto a la consola te recomiendo que tengas contemplados de antemano la mica de cristal templado y el protector de uso rudo (para los peques xd)

  
  
"
5.0 out of 5 stars,"









  
    
  Totalmente satisfechoPor el precio que la adquir√≠ me parece una excelente consola, una muy buena experiencia de juego, con una larga duraci√≥n de la bater√≠a, una compra m√°s que recomendada, llego antes de lo previsto y en perfectas condiciones

  
  
"
5.0 out of 5 stars,"









  
    
  Excelentes condiciones, todo perfecto lo compre un poco preocupada pensando en la cantidad limitada de juegos pero en la tienda virtual hay buenas opciones a todo tipo de precios y hasta gratuitos

  
  
"
4.0 out of 5 stars,"









  
  
    
  Okay, so overall, the product is amazing. It has many fun games and stuff, but i have a few problems with it. First: it doesnt have thet much sapce. 25 GB might seem like alot, but good games that you can play offline like smash bros takes up a lot of space.

  
"
5.0 out of 5 stars,"









  
    
  El paquete lleg√≥ en la fecha programada, sellado y en excelentes condiciones. Consola nueva y bien sellada, sin problema con las cajas. Lo compr√© el domingo 8 de noviembre y me lleg√≥ el lunes 9 de noviembre. Hasta el d√≠a  de hoy 23 de noviembre la consola y sus accesorios funcionan excelente. Muy buena compra, justo  lo que esperaba.

  
  
"
5.0 out of 5 stars,"









  
    
  Original, llego todo muy bien, llego antes de lo esperado, excelente consola.

  
  
"
5.0 out of 5 stars,"









  
  
    
  Received product quickly. Very happy!

  
"
5.0 out of 5 stars,"









  
    
  Gran consola y para todas las edades. No tardo en llegar el producto.Muy buena experiencia con la compra y el producto.

  
  
"
5.0 out of 5 stars,"









  
    
  Estaba temeroso de comprar algo caro por Amazon pero la verdad el precio era el m√°s bajo. Me lleg√≥ muy bien cuidado el empaque y muy r√°pido. Despu√©s de m√°s de 6 meses de uso, estoy muy contento con mi nintendo Switch.

  
  
"
5.0 out of 5 stars,"









  
    
  Me encanto, llego a tiempo y sin ning√∫n problema, es super divertida y lo mejor te la puedes llevar a todos lados, jugar darksoul en el autob√∫s es genial, gracias nintendo

  
  
"
1.0 out of 5 stars,"









  
  
    
  I will never purchase anything from Geek Alliance again... this was the worst experience I have had on amazon

  
"
5.0 out of 5 stars,"









  
    
  Por si no saben, este switch comparado con el de la caja normal tiene un mejor procesador, que hace que el consumo de energia sea mas eficiente y alargue la vida de la pila por masomenos 2 hrs. Es muy buena compra.

  
  
"
5.0 out of 5 stars,"









  
    
  Llego todo perfecto en paquete sellado antes de lo estimado. Funciona perfecto.

  
  
"
5.0 out of 5 stars,"









  
    
  La consola es lind√≠sima. El producto viene nuevo y sellado con todos los art√≠culos. S√∫per recomendada la opci√≥n de compra con GREEN TEC.

  
  
"
5.0 out of 5 stars,"









  
    
  Je l'ai offerte en cadeau et je suis tr√®s contente du bon prix et de la qualit√© de cette console portative.

  
  
"
